dataset,premise,target,N_valid,support,groups,avg_size,K,avgK,p,p0,p_lcb95,w_norm
hospital,"HospitalType,Sample",EmergencyService,100172.0,0.8716748318380773,2104,47.61026615969582,2.0,1.306083650190114,0.9233718005031346,0.9002216188156371,0.921708243630604,0.2320160080040019
hospital,"Condition,HospitalOwner",EmergencyService,114919.0,1.0,43,2672.5348837209303,2.0,1.7906976744186047,0.9000426387281476,0.8721969387133546,0.898295044055679,0.2178797576087695
hospital,"Condition,Sample",HospitalType,100172.0,0.8716748318380773,3678,27.235454051114736,4.0,1.343936922240348,0.8379187796989178,0.8137004352513676,0.8356236463117722,0.1299967849105133
hospital,State,HospitalType,114919.0,1.0,55,2089.436363636364,4.0,3.0,0.7868063592617409,0.7577598134338099,0.7844287948536933,0.1199080393706444
